Landmark,X,Y,Z
1,111.864784,-103.14572143554688,107.73256
2,77.3454,-105.07310485839844,106.83359
3,102.10441,-116.36028289794922,119.37314
4,104.67737,-94.94630432128906,90.504875
