Landmark,X,Y,Z
1,100.73156,-122.80074310302734,70.26037
2,111.864784,-103.14572143554688,107.73256
3,77.3454,-105.07310485839844,106.83359
4,102.10441,-116.36028289794922,119.37314
5,104.67737,-94.94630432128906,90.504875
6,143.85936,-128.29613494873047,76.30085
7,141.51877,-154.3021240234375,99.58541
8,153.34724,-127.0327377319336,99.54317
