Landmark,X,Y,Z
1,100.73156,-122.80074310302734,70.26037
2,143.85936,-128.29613494873047,76.30085
3,141.51877,-154.3021240234375,99.58541
4,153.34724,-127.0327377319336,99.54317
